step,Hmax_scale,sigma1,sigma2,sigma3,sigma4,condition,tangent_lambda,constraint_residual_inf,wmin,wmax
0,0.88,0.8841588259007143,0.49189690517585943,0.20380450653223353,0.06558932842000116,13.480223798588158,-0.07199833681509145,6.838710177106594e-09,0.0017465451041390287,0.532578067710986
1,0.8775724128788861,0.8885326276936674,0.49167782349630035,0.202764350772123,0.06097190601816599,14.572820266254062,-0.0667777400064994,9.541856198614244e-10,0.0017451542810033,0.532863418611631
2,0.8757596269866724,0.8914365654368772,0.49125150696202846,0.2020150318534148,0.057372233608607555,15.537769917034135,-0.06274509345395278,9.946974350354448e-10,0.0017443525575950923,0.5330895311211526
3,0.874389415817208,0.8932907929927437,0.4908568520985827,0.20145346749535797,0.05456503068561734,16.371122342797545,-0.05962140910325835,4.815203790093689e-10,0.001743900408721523,0.5332700763146165
4,0.8729872515250439,0.8950944676295675,0.4903050818709497,0.20089995898108742,0.05158921345870605,17.350418965895553,-0.05632700236969554,4.147793219990983e-12,0.0017435693737240718,0.533463469364056
5,0.871561121911277,0.8966709250251593,0.48961584127432195,0.2003350676043912,0.04844941359196625,18.50736383678012,-0.05286872773561818,1.647066927154911e-10,0.0017433880029724537,0.5336706571285781
6,0.8701209428150021,0.8980246376588396,0.48874195957218425,0.1998182057605833,0.04513930831421677,19.894514807529823,-0.04923994639884702,7.345892780252507e-10,0.001743386190617151,0.533893155144444
7,0.8686789488113038,0.8988765119337135,0.4876893757350475,0.1993012469862067,0.04164856862775326,21.582410669804656,-0.04542944186776174,1.1786078710151752e-08,0.001743591556972042,0.5341336302898723
8,0.8676078119111394,0.8993313034670107,0.4867764281758065,0.19895087394645247,0.038921779460021726,23.106119913935423,-0.04246272815615997,2.7613544787901155e-10,0.0017439118752453295,0.5343270817297421
9,0.8668024759567444,0.8993372378847766,0.48601580230446156,0.19868401868503643,0.03677733827645666,24.45357059623032,-0.04013436525086727,1.4583645401347226e-10,0.0017442497494454929,0.5344828433392244
10,0.8659833591871233,0.8993638546383614,0.48515053473293257,0.19841510772047252,0.03448934873737708,26.076568203321724,-0.03765331237117656,2.5904280908960927e-09,0.001744674952479598,0.5346524983152933
11,0.8653653718039497,0.8991329218660149,0.4845110795986416,0.1982272096126757,0.03268755224212899,27.506890549827627,-0.035701706470409315,2.564886825565015e-08,0.001745058202628253,0.534789520008421
12,0.8648945310273386,0.8992556920286787,0.4838760080577731,0.1981139828956468,0.0312625037763494,28.764672799783252,-0.03415866239631514,8.933087606959184e-10,0.001745386707291732,0.5349003153789581
13,0.8645327585080068,0.8986830191246199,0.4834447316743982,0.1980048832230103,0.03013386492769366,29.823025399530184,-0.032936896950176965,7.293148310156222e-10,0.0017456602183219517,0.5349902033072779
14,0.8642527839752577,0.8987879008394203,0.4830938714786817,0.19792647028827615,0.029239201363460587,30.73913988507943,-0.03196847383351679,3.1899074543846795e-09,0.001745884598999064,0.5350627305795151
15,0.864034797471872,0.898683928168244,0.4827836844688341,0.19787833128834925,0.028528975492222095,31.50074310986926,-0.03119965992353848,7.413206717904443e-10,0.0017460669325259101,0.5351213016492096
16,0.8638053132361893,0.8986607465094514,0.48248882754802386,0.19779969275342818,0.02776707617180523,32.364255456681974,-0.030374894421349823,8.59484705259331e-10,0.0017462660048062869,0.5351849414329755
17,0.8635643503580526,0.8983401162756007,0.4822014042212066,0.19771595153930532,0.026950542320640307,33.33291425410758,-0.029490843133540022,9.77813314422286e-09,0.0017464830964323802,0.5352541147402909
18,0.8633766794563973,0.8981567143993628,0.4819150747614046,0.19767735919112275,0.026303653880001696,34.14570152484477,-0.028790385430791005,6.88373580122851e-10,0.0017466578280188338,0.5353099860836399
19,0.8632297777213355,0.8983200260573406,0.4816513037882286,0.19763971201943584,0.025790447334549816,34.83150231573993,-0.028234543903824284,7.163947210662887e-10,0.0017467979274859206,0.5353550331539311
20,0.8630743294958788,0.897986740518496,0.48146155314413447,0.19759937358202256,0.025240179665744045,35.577668321325106,-0.027638520267429738,6.678328998689799e-10,0.0017469494400273698,0.5354039692832155
21,0.8629101552060368,0.8978774054211806,0.4812216643459406,0.1975451934154968,0.024651035049031437,36.42351745617509,-0.027000251504353073,4.3728287561921406e-09,0.0017471130803546884,0.5354571706538412
22,0.8627815646343217,0.8979898685483217,0.4809962572390168,0.1975111408263305,0.024184261468827257,37.13116771028142,-0.02649449679139314,5.041322913407656e-10,0.0017472436352600738,0.5355000699039086
23,0.8626804354800651,0.8977420388136971,0.4808546608310464,0.19749543757247454,0.023814074930645808,37.697959774973775,-0.026093307705222103,1.6600321116343398e-10,0.0017473477193384792,0.5355346192713203
24,0.8625729430229017,0.8976795459983374,0.4806652319908025,0.19748551200698464,0.023417191886609748,38.33420976968815,-0.025663126656752386,2.0493752271771683e-09,0.0017474597859247674,0.5355721254922314
25,0.862488230281556,0.8975456481415265,0.48056441471899985,0.19745564864518114,0.023102350879871447,38.850836125233364,-0.02532179681615388,6.429965446905785e-10,0.0017475490155247578,0.535602293795129
26,0.8624212738791718,0.8976300477095245,0.48045718555008776,0.19742538129118548,0.022852500818779493,39.27929178638862,-0.02505085637871317,5.279522376228423e-10,0.0017476200592799836,0.5356265559796549
27,0.8623682262583708,0.897634165423939,0.480381309359156,0.19742354095462933,0.022653326398201567,39.624828144232346,-0.02483491871077912,2.6717894559863537e-10,0.001747676656026641,0.535646048758503
28,0.8623261176430042,0.8974231841584052,0.4802929095530569,0.19741580338007234,0.022494988741678466,39.89436022680329,-0.024663216296173955,3.496737572280117e-09,0.0017477217736240863,0.5356616780690153
29,0.862292640642429,0.8975567739729652,0.4802335025199232,0.1974050912179581,0.0223691528626435,40.124754812323964,-0.02452669619388021,1.1025934771035286e-08,0.001747757759258714,0.5356742061397174
30,0.862265992964015,0.8975028417615364,0.48018897164973207,0.1974023810777605,0.022268493674302392,40.30370688239435,-0.024417527709998568,1.5824430653479652e-10,0.0017477864761774114,0.5356842585586992
31,0.8622373467265033,0.8974746932127483,0.4801653615451968,0.1974019578769335,0.022160210351656093,40.49937608763166,-0.024300058175120133,1.6254264599624584e-10,0.001747817427099971,0.5356951293155117
32,0.8622065638023463,0.897309849160377,0.4801543113317916,0.19736536294805387,0.02204337005263999,40.70656378845811,-0.02417332119249928,2.0894830312608018e-10,0.0017478507798034078,0.5357068925543761
33,0.8621734984632881,0.8973345473741442,0.48006465503064366,0.19737934445209948,0.021917857350874554,40.940796949677164,-0.02403717455716533,3.005821147990971e-10,0.0017478866959486827,0.5357196192097414
34,0.8621379973954284,0.8973443962172645,0.4800120011999393,0.19735852475163237,0.021782983207594916,41.194743055413724,-0.02389082352860246,1.0460193101384326e-08,0.0017479253882710767,0.5357333860386597
35,0.8621097525987677,0.8973222269604167,0.47995018965383063,0.19736871813582674,0.021674731259419478,41.39946263787955,-0.023773434135540103,1.8596951773614586e-09,0.001747956235346067,0.5357444342022616
36,0.8620872563089143,0.8973934458024859,0.4799200889319335,0.197356196061274,0.021589260563663608,41.56665964340012,-0.023680659908345073,5.436302517779528e-10,0.0017479808514812626,0.5357532830324726
37,0.8620630593609016,0.8972670351809877,0.47988287187433176,0.1973580025709898,0.021496518552467613,41.740109357288894,-0.02358004634732402,3.35166084337499e-09,0.001748007375911599,0.5357628517642036
38,0.8620437756967891,0.8974523114693969,0.4798234785224748,0.1973593919998796,0.021423042862038146,41.891915973322895,-0.023500305211846408,1.5448310194930465e-08,0.0017480285436727073,0.5357705162732784
39,0.8620283959100873,0.8972815180605428,0.47982740392870177,0.19733604148495273,0.021363930932661288,41.99983237582809,-0.02343616749397379,6.81389611633219e-10,0.001748045443966491,0.5357766536998757
40,0.8620118327160519,0.8971811975511919,0.4798113009027686,0.19733914410498032,0.021300705910215843,42.119787078084705,-0.023367525718984136,1.0573394326364456e-08,0.0017480636606602659,0.5357832904297544
41,0.8619986172601858,0.8972546782286507,0.479774013593357,0.19732317328925988,0.021249804972014653,42.224137087860704,-0.02331230911633035,3.0921984924756583e-09,0.001748078209905488,0.5357886054800014
42,0.8619880672691695,0.8973449705105692,0.47976847204848827,0.19733434190705956,0.021209572746458925,42.3084887770965,-0.023268619204128833,7.074508759090649e-10,0.0017480898293386054,0.5357928678730547
43,0.861976695617872,0.8972947712246115,0.4797449312030483,0.19732609277080743,0.02116555781545474,42.3940998412724,-0.023220891104051344,2.2333230845175964e-09,0.001748102363547533,0.5357974682011012
44,0.8619676149629236,0.8972280779606915,0.4797298347401575,0.1973229917303437,0.021130728329173804,42.46082122602219,-0.023183083177022366,2.033444524081295e-10,0.001748112378104936,0.5358011492375694
45,0.8619578244709623,0.8972635260285057,0.47970255125075606,0.19733464811298942,0.021093514075068223,42.53741329374032,-0.023142668632354705,4.111753159328877e-10,0.0017481231819060942,0.5358051304899142
46,0.8619472701464571,0.8972123456064764,0.4797089709613921,0.19731125181810427,0.02105294358322365,42.616954824380635,-0.023098620983413042,5.42307310316625e-10,0.001748134842749858,0.5358094345713257
47,0.8619358939860207,0.897339524147132,0.4796775669415636,0.19732073843802847,0.02100908545988621,42.71197458168616,-0.023051030545448388,1.1026981544008806e-09,0.0017481474121526154,0.5358140806565391
48,0.8619268099143816,0.8972864128233004,0.4796597720016014,0.19733031976917723,0.020973791079213867,42.78131738007816,-0.023012747056208493,7.505348567678915e-10,0.0017481574561174452,0.535817800088845
49,0.8619195534381833,0.89733781305069,0.4796040931272873,0.19732771336770327,0.02094588964805239,42.84075912402829,-0.022982483694168027,1.0798159424965184e-08,0.0017481654840884515,0.5358207800644712
50,0.8619137551320332,0.8971679236638876,0.4796351497153165,0.19731961744689258,0.020923656436222043,42.87816168261839,-0.022958318737417546,4.1811254467419965e-10,0.0017481719023696495,0.5358231625339109
51,0.8619074998033095,0.8972873094277345,0.4796351955245746,0.19731759275965363,0.02089949166532949,42.93345138706216,-0.02293210178696008,5.793299823070168e-09,0.0017481788250739748,0.5358257389760364
52,0.8619025006818376,0.8970015496746445,0.47963929977970865,0.1973163015574326,0.020880289736098876,42.959248219811045,-0.022911241310418256,1.1651768438301707e-10,0.0017481843595408045,0.5358277999271643
53,0.8618971067305128,0.8973663536669833,0.47957213011893096,0.19732279833128363,0.020859763639385128,43.019008708836665,-0.022888970765106955,2.9840840864877077e-09,0.0017481903305419993,0.5358300280717585
54,0.8618927954110983,0.8970868162053393,0.47962996801313323,0.1972985763104945,0.020842803699934086,43.040601884485255,-0.022870559028112712,9.574691438267033e-09,0.0017481951085584007,0.5358318114525018
55,0.8618893488398031,0.897197101275433,0.4795918779136179,0.19731519424689312,0.02082972053615753,43.07293032174974,-0.022856357566197853,1.3627544852164263e-08,0.0017481989294576721,0.535833236894503
56,0.8618865930969395,0.8968913724530433,0.47961909377696155,0.19730529088961496,0.020819429776700534,43.079535898565936,-0.022845140578281724,5.392475353683155e-10,0.001748201982000605,0.5358343767803926
57,0.8618836184498496,0.8971738262630601,0.4795839361942275,0.19732543565082575,0.020807406037690823,43.11800445658181,-0.022832145045242207,7.96878562818753e-10,0.001748205275305531,0.5358356118108979
58,0.8618812399373634,0.8971110601937087,0.4796270378801108,0.19729804576950516,0.020799012811688014,43.13238653757532,-0.02282295878010508,3.605699732284016e-09,0.0017482079137821208,0.5358365970779304
59,0.8618793378550877,0.8970287555000315,0.47960283077414434,0.19729837443554074,0.020791603081605787,43.14379954153837,-0.02281493191115887,7.665398319030281e-10,0.0017482100209999375,0.535837387457566
60,0.861877284348652,0.8971597750827699,0.4795812480532525,0.19730468656736422,0.0207835552473002,43.16680974008582,-0.022806208617592007,4.687654707747206e-10,0.0017482122960876415,0.535838239915195
61,0.8618750673898872,0.8972191316244521,0.47958089649516855,0.19730718453244306,0.02077489735373925,43.187656542763264,-0.02279682133422483,1.9617595133557486e-08,0.0017482147494464312,0.535839161365846
62,0.8618732945520684,0.8971873250414817,0.47957263156857155,0.1973076672151758,0.02076761942653704,43.20125993329058,-0.02278895732290607,2.453659498104096e-10,0.0017482167191422101,0.5358398983593079
63,0.8618718766882172,0.896998256799064,0.4796141085643618,0.197285434240913,0.020762959123817322,43.201850538255485,-0.022783813404022503,6.550719968614984e-10,0.0017482182939141046,0.535840487939124
64,0.861870742642807,0.8972866911587922,0.47953343019934636,0.19731915536005212,0.020757967226867957,43.22613487882351,-0.02277847809968462,1.7342820108297352e-08,0.0017482195504494205,0.5358409601625225
