phase,iter,sigma1,sigma2,sigma3,sigma4,condition,wmin,wmax,target_error_pct
0,0,0.7872700087642713,0.4533049548785946,0.24451581445530882,0.183104338683234,4.299570476733646,0.004199770745857872,0.21282736540524153,7.819356051541604e-07
0,1,0.7862607410713623,0.4542717720193375,0.24562923367213596,0.18224508829744468,4.314304151715165,0.004241908087706112,0.21348379956642952,8.833102027594464e-08
0,2,0.7874691354155656,0.4567370280348377,0.24479578531451712,0.1789272257404476,4.4010582076417535,0.004339909909089455,0.21517547732835518,3.1349299822736043e-07
0,3,0.7890012427768373,0.45993254613426443,0.24522511892830154,0.17614184750661172,4.479351465569367,0.004438699739336594,0.21401459309456144,1.3579188884449422e-07
0,4,0.7703224441713286,0.4496171601542803,0.24232093057830534,0.17426377479762778,4.420439331501356,0.004276534271096047,0.21923899579895795,9.546221590994719e-08
0,5,0.7606178346737644,0.44418878310176974,0.24139594269555353,0.17190057107984236,4.424754553726768,0.004206707757407967,0.22296684129978023,6.014024833689291e-07
0,6,0.7603302716698351,0.44343781707261076,0.24065988326038754,0.16736151307206037,4.543041334374539,0.00419167611333806,0.225266619458601,4.125387476072717e-07
0,7,0.7597579765034534,0.44221810314814003,0.2391786135683447,0.16534481622772054,4.594991205875361,0.004085233490238281,0.2281985074929133,2.675980881328144e-07
0,8,0.7576178598671283,0.44083336537234413,0.23940402338496955,0.1647646867728214,4.598181046596086,0.0039964877582388016,0.22976213089287909,2.805394472282785e-07
0,9,0.7640990697208739,0.444627807099299,0.2386495231378509,0.16070385981901703,4.7547026597954405,0.004112816006016771,0.23038530756833164,2.8713410538117046e-07
0,10,0.7660518426835691,0.44264342999187106,0.2359741478922778,0.15189783025064763,5.043204642354021,0.00406678470997852,0.23434357699249111,3.7952296860765955e-08
0,11,0.7699011104161142,0.44188817390227536,0.23599290368411097,0.14805832121197945,5.199985411923077,0.003937118006234169,0.23089580194471815,1.5018928323229375e-07
0,12,0.7725464057237722,0.44741046769622017,0.23738336857931372,0.14396359007008422,5.366262437243208,0.003922361755164053,0.2300064354308855,9.765646069581635e-07
0,13,0.7803564451583798,0.45639075174281624,0.23913759871975396,0.14425753828443583,5.409467362597949,0.003862253963137058,0.23020303553482152,7.553511816027481e-07
0,14,0.7685202102141515,0.4466478906355551,0.23530255265018604,0.14332259458277077,5.362170650422606,0.003899577482166295,0.24854493301526825,4.836242073480435e-07
0,15,0.7773928572180125,0.45278385075105443,0.23612377942980833,0.14230546959564333,5.462845942794404,0.0038615979089184904,0.25223031735775925,4.567275335709553e-07
0,16,0.7826564000912755,0.4511917640748408,0.23454328463315477,0.14288384027002937,5.477571141790214,0.003911240959561454,0.23935083371091584,8.280822916262309e-07
0,17,0.7939674080854506,0.4567765945403951,0.23632727925933975,0.14159343042829226,5.607374619598208,0.003880317759976725,0.23567132259284349,6.220203796480916e-07
0,18,0.7951553926722642,0.45658412957758576,0.23698459620266826,0.14205383775008912,5.597563608743583,0.003909698114045686,0.2314208988051883,6.735925150991307e-07
0,19,0.804087324865477,0.4645226472076179,0.23854718729986238,0.1421074143404373,5.658306630920595,0.003898109766145212,0.2326208108559736,8.245799598682879e-08
0,20,0.7903035140372473,0.4540265568794807,0.23675145234869335,0.14165662289135994,5.579008576558762,0.0038987000304785834,0.2397807769520248,6.890055637143178e-07
0,21,0.7833385835211798,0.454319776617685,0.23798315093211203,0.14200698575794718,5.516197526059676,0.0038984252102157793,0.2335054864778562,3.929845671102328e-07
0,22,0.7787986919286397,0.45646108782509115,0.23657798796450177,0.14248993707503277,5.4656399456372675,0.0039431746275573045,0.23323762809297485,5.009992198878876e-07
0,23,0.7873158962347122,0.4580927782836758,0.23676549005474323,0.14256759860690701,5.522404136198791,0.003966527085127779,0.23946212362955124,5.881076181601941e-07
0,24,0.7905366494840553,0.4604749615482766,0.23857760458524604,0.1424526478327762,5.549469676492492,0.003955128343467853,0.23787860941059458,3.102914813979396e-07
0,25,0.7776329959685724,0.4495754048675797,0.23692036793594307,0.14321249568594327,5.429924199309232,0.003959909257037972,0.23820362493184644,1.1816236877848496e-07
0,26,0.7919754111319245,0.4613449569759328,0.23972686855831005,0.14354391410254994,5.517303997758661,0.003935954985379173,0.23518230208802393,1.3491361361417376e-07
0,27,0.7747167353341926,0.44960771919720377,0.2379897916396248,0.14237299311263213,5.441458512579767,0.00392974578082347,0.23182045593283468,3.6601726094431797e-07
0,28,0.7801592506412524,0.45819632457261406,0.23991583759419216,0.14275485106570573,5.465027946981421,0.0039434188180574314,0.23479709426927914,5.245829770572641e-07
0,29,0.7738253484329456,0.4488954860749211,0.23781101115765388,0.14236302115638133,5.435578299388031,0.003951874865678094,0.24702226427581464,2.3617663380548493e-07
0,30,0.783503590533089,0.4558771319926806,0.2399551473671305,0.14282421248299668,5.485789677477589,0.003877902260581227,0.25328882277924114,5.339533259984819e-08
0,31,0.7895933987187348,0.45931483215322105,0.2388178877888398,0.14283445597466657,5.528031687667707,0.00387228372628175,0.2554945754937803,3.716496443928463e-07
0,32,0.8094037712979392,0.46871409492920546,0.23936052396059312,0.14294411097920012,5.662379273642941,0.0038577416077428856,0.24341353702608023,8.301085485662441e-07
0,33,0.8159983085262236,0.4659266832029681,0.23881544530454055,0.14239562244020765,5.730501363332737,0.003882582470210534,0.2391301668373416,9.256921118527828e-07
0,34,0.835947063090839,0.4764762255974083,0.23922590814053188,0.14263117147362794,5.860900211742305,0.0038473849309219148,0.23091355596205732,2.809536603365359e-07
0,35,0.8186502323087983,0.46419808234926646,0.23565643764425379,0.1416697995661136,5.77857973129097,0.003875190773733844,0.23334815791365052,8.732056078208927e-07
0,36,0.8282508727136957,0.4692641452471,0.23818521121714825,0.1422393069890542,5.822939454966779,0.0038316717121997935,0.2390736871271362,6.399219154573643e-07
0,37,0.8287951205040803,0.47425388832776927,0.23738549772775,0.1429914215408085,5.796117778069291,0.00385240619355367,0.2535810798571323,5.811979342240647e-07
0,38,0.8335237332894857,0.47840062704313957,0.2388494769276204,0.14305952026415963,5.8264121936826205,0.0038738649073835245,0.2559765126644727,6.827719500890339e-08
0,39,0.8134189482662051,0.46658078984633167,0.23601245063128162,0.14230793641348133,5.715907129049952,0.0038878890017509725,0.2580593437296138,5.328760432909974e-07
0,40,0.8045554608345543,0.46123892870953676,0.23678449141913346,0.14195570318845335,5.667651547373665,0.0038466589475764264,0.2597987716251434,1.5141958797926236e-07
0,41,0.803623688121095,0.45322426780452096,0.23655384616596584,0.14247902197768791,5.640294809483895,0.0038520708357193496,0.2635927195805805,7.075023011893222e-07
0,42,0.7909374130436028,0.45428641395155617,0.23620152017578272,0.14199537679308105,5.570163134227779,0.003858594769236766,0.2667838724011506,1.0445255771429629e-07
0,43,0.8070392763721489,0.4642425541599956,0.23872497830753056,0.14257821563245276,5.660326669065535,0.003853471437751398,0.2651950543642111,5.818904469379049e-07
0,44,0.8009058818741884,0.4532899621770045,0.23435413617453552,0.14169423324472513,5.652353405878667,0.0039247422930682885,0.26562430267156817,1.1068843619455038e-07
0,45,0.7927068451063701,0.4551312037026243,0.23387313502158005,0.14180419164424565,5.590151009746529,0.003932321158520542,0.26588401020471025,4.425819266629105e-07
0,46,0.8060168032216027,0.46726108041937003,0.23786374457290718,0.14260104848074884,5.652250188962777,0.003891692238641037,0.2586865178919337,1.1039719693961558e-06
0,47,0.8166143779147345,0.4683463186819051,0.2379958120868051,0.14239466806751463,5.734866262882449,0.0038768734326286576,0.2682422386986035,3.9786614003389786e-07
0,48,0.803873854471919,0.4550021236086305,0.23526423652397155,0.14163640897055968,5.675615897879838,0.0038904667896708946,0.26981782583179575,7.349825192903836e-07
0,49,0.8046934919976865,0.460190719405288,0.23557759964959138,0.1425705641134302,5.644176951965108,0.003909820228301841,0.26831620094822267,7.464620033204028e-08
1,0,0.7939674080854506,0.4567765945403951,0.23632727925933975,0.14159343042829226,5.607374619598208,0.003880317759976725,0.23567132259284349,6.220203796480916e-07
1,1,0.8149020885044259,0.4579046468045974,0.2375711044484777,0.1434906296350783,5.679131038569306,0.003868038405918461,0.23888895271147667,4.055668689773029e-07
1,2,0.8344413624717473,0.4622547872886067,0.23785205926798708,0.14562238968364788,5.730172154738701,0.0037492154468342412,0.23263746095473312,3.5304243972689164e-07
1,3,0.8142499584520204,0.45070602299391077,0.23453931737032221,0.1446292998088431,5.629910118684227,0.0038390834126598226,0.2440384190400882,8.386518146608068e-08
1,4,0.7992498162783078,0.44421065140991484,0.23389256625527138,0.14453515752633622,5.529795172034001,0.003919550956026472,0.22693281078593489,1.3125136533176374e-07
1,5,0.8094432394123048,0.4583622055629556,0.23773898079493053,0.14422707582595046,5.612283510407714,0.0037896655966675017,0.2310619484683487,1.0433717334557002e-06
1,6,0.8348174076060374,0.4717273193117574,0.23873999933842227,0.14544763925327864,5.73964219627043,0.003757626764245143,0.23747483027279995,1.0669931604923022e-07
1,7,0.8142379570860483,0.4564781867612657,0.23529088073603457,0.14273424777529076,5.704573147489582,0.0038325577982816716,0.2559447975867733,1.2178346997515632e-06
1,8,0.7962208158238249,0.44700453775678134,0.2362881837235814,0.1424840816402897,5.588138735623366,0.0038686580232218325,0.2557341088977077,6.180997935700816e-08
1,9,0.8141327814126492,0.4603912753830273,0.23999413349000942,0.14336614848471851,5.678696052153679,0.003865836966612433,0.2627694100154153,3.47778161824408e-07
1,10,0.7683962935401891,0.44512751774412435,0.2381238882654082,0.14263048405119558,5.387321642015756,0.0038969960719038824,0.25316597669979496,1.203314781150766e-07
1,11,0.7670569637615383,0.4510005894489852,0.24041933482315028,0.14324870447387955,5.3547218215952945,0.003885510148397526,0.2524917162426306,3.4060954057224535e-07
1,12,0.7749753038204277,0.4529567533916443,0.23813242571742402,0.14295297546853705,5.421190438886628,0.003907314633709139,0.26446950892911814,1.3208329985303635e-07
1,13,0.7575495746632924,0.43809469176103466,0.2316997777827372,0.1465445092746244,5.169416298250005,0.003905995631875636,0.275458772279152,4.0371754828072426e-07
1,14,0.766438491245541,0.4463908359862787,0.23607011091640576,0.14330975960960982,5.348124882306665,0.0038940630937238647,0.2673838747315367,3.9138766672053293e-07
1,15,0.7717055914543016,0.44799764589285507,0.2348747180471628,0.14265606906069,5.40955317593951,0.003861496575954688,0.2911980194196189,2.7864268670185766e-07
1,16,0.7726465681797838,0.4517752591357497,0.23571597714229042,0.14320005573813382,5.3955744932997955,0.003770610476297751,0.2997723206945711,1.8791141975782466e-07
1,17,0.7714744239915141,0.445589606910638,0.23300977927798133,0.1436919348422277,5.368947288785451,0.003841200155676412,0.30091052515586425,4.457341717944985e-07
1,18,0.7653111160597202,0.44122963857998043,0.2333826605204149,0.1429789619737756,5.352613457916203,0.00384984151685558,0.2955187580271367,5.462617025386862e-08
1,19,0.788158853141786,0.45208293496922275,0.23692288126318287,0.1416172690299661,5.565414857527101,0.0038661670266991193,0.2796758449883345,7.984436223296143e-07
1,20,0.7964202764632556,0.4576886092663773,0.23602203400696245,0.14179074130148347,5.616870813658149,0.003929627924519323,0.2659408527343894,4.422597399411643e-07
1,21,0.8038887791883742,0.46258027648165156,0.2349011046536806,0.14316307615198431,5.61519632572684,0.003909353918315046,0.29311322795476713,1.9001250572969752e-07
1,22,0.8092005611424768,0.4602487927983528,0.2325060227894556,0.1415772772553359,5.715610420188237,0.003957111673281148,0.31206051949237107,4.5272461335343905e-07
1,23,0.7942477258430902,0.4478180140028509,0.22845264461641174,0.14239211536467697,5.577891190175536,0.00396476271860628,0.3095071863462517,5.881971465448999e-07
1,24,0.836861015701629,0.47400648445755417,0.23402923911785023,0.14320334041827124,5.843865186784807,0.00389213812173396,0.325307100373455,8.604015278024235e-08
1,25,0.8067175705966578,0.46216125446986184,0.23208851852327617,0.14173842039745513,5.691594193970164,0.003927383990092761,0.30759809942403377,9.18470555166806e-07
1,26,0.7941328108214815,0.4547489671178823,0.22938023032217997,0.14186233966393227,5.597911416819706,0.00396551303036265,0.3337335101315484,5.220521459570193e-07
1,27,0.8380538370999249,0.46722202806084734,0.2307941494110591,0.14138525615707628,5.9274485889028155,0.003927032054111221,0.33574177892393536,1.9870416423373172e-07
1,28,0.837824276936257,0.45855244720678034,0.22777657509677346,0.14166590785458016,5.914085397287556,0.0039007743449302992,0.3267234614990387,1.6193446583656623e-07
1,29,0.8595192733674275,0.4732088730239184,0.229513001184923,0.14219768316516138,6.044537816900317,0.003865578050106004,0.32048877440528134,5.201003294708073e-07
1,30,0.8319600168993982,0.4583125014781316,0.2258524998251303,0.14242864264924948,5.841240928962699,0.0038619483931722435,0.3135767760373908,7.32340110776164e-07
1,31,0.8182278938934041,0.4540274549146102,0.22587648961043405,0.14151848674279358,5.781773906193002,0.0039352121023287,0.3049296751154991,4.1164643915792e-07
1,32,0.8147607145143055,0.457185579033736,0.22808621165437776,0.14235686751954107,5.723367819978652,0.003888727082336712,0.3124333398991529,1.328724819060767e-06
1,33,0.8196346456422104,0.4576264305426819,0.22828177879709124,0.14177709898776936,5.781149787194599,0.0038237859652318126,0.3403978717147518,5.0232074055855946e-08
1,34,0.8287887958163482,0.4627863502300461,0.2283570797705149,0.14152520081986913,5.856121673137327,0.00390008320247842,0.3521546793759071,6.093487492364602e-07
1,35,0.8292012326708332,0.46187229463476087,0.22922578433073512,0.14133992134379741,5.866716386900141,0.003906397694827541,0.3506562279482675,1.592659337745772e-08
1,36,0.8324099092314284,0.4684703101592318,0.2324585057671505,0.14154240830212433,5.880992977416615,0.003878682902139648,0.3467077901772593,8.51330828055552e-07
1,37,0.8142598315616708,0.4554838944256069,0.23209363335129646,0.14171433258772728,5.745783201269419,0.0038872385728790635,0.3395443506362279,3.496491984833483e-09
1,38,0.8118775634627017,0.452621210904443,0.22969137706799753,0.14162807435652588,5.732462064116826,0.003908983534269519,0.34079469348604563,8.447431643077152e-08
1,39,0.8237115798504,0.4712711715984581,0.23456027484777092,0.14469548678292293,5.692724757104276,0.003863624375909244,0.33719731129539393,1.5535331909788397e-07
1,40,0.8458290460959413,0.4772375276342078,0.235919869025303,0.1420119904166342,5.9560396528099595,0.003874777723628539,0.31028398315252675,6.026049659269006e-08
1,41,0.8169133348512633,0.4585521450417254,0.23384051842054573,0.14331225320467839,5.700233696588027,0.0038615457822161157,0.29391649288930677,6.672574492938566e-07
1,42,0.8364824333323438,0.46724136037239583,0.23359794001255635,0.14101024260148695,5.932068606507902,0.003866711079789578,0.27676948951358943,1.2286532902194836e-06
1,43,0.8176397600090234,0.45081231054228066,0.2297913139342665,0.1421439484724428,5.752195354046591,0.003781279824339222,0.2816071554964886,2.5056283714519623e-07
1,44,0.8404177607469548,0.46878369480670545,0.23174752125647613,0.14194299762328066,5.92081169778758,0.003845239759325038,0.2822845560859196,3.7139131769947653e-07
1,45,0.8215444807830583,0.46200380352190745,0.22995944614496727,0.14187714704490234,5.790534260764701,0.003878082414341862,0.2809597130641092,3.2541036532052203e-07
1,46,0.8485202607648157,0.4719231521543409,0.23246389701242046,0.14379248327798624,5.901005681391685,0.0038503214264782554,0.2804077932741468,5.029793692656881e-07
1,47,0.8731041382606046,0.47706203322317503,0.23287831687147142,0.14185118060574997,6.155071353880668,0.003802618358207082,0.2869938490345291,5.788962642583328e-07
1,48,0.8503148500017629,0.4582366029781039,0.22951670304821206,0.1405362031725611,6.050503932838439,0.0038131401436753633,0.2704349175669389,2.70053801543213e-07
1,49,0.8760802876385588,0.4685690373544103,0.22990124619055022,0.1399920717154893,6.2580707385990175,0.0038008565717047886,0.2654849137628531,1.5782346096671063e-06
2,0,0.8760802876385588,0.4685690373544103,0.22990124619055022,0.1399920717154893,6.2580707385990175,0.0038008565717047886,0.2654849137628531,1.5782346096671063e-06
2,1,0.8868889577557161,0.4799285198564317,0.22956666702475753,0.14176133834389507,6.256211800175276,0.00374726138057644,0.27559640971158395,3.287446870281485e-07
2,2,0.862538730031312,0.4666151236040897,0.23064497006427254,0.14029146446954965,6.148191077002597,0.003779353880646923,0.24912532011740945,5.356919574595054e-07
2,3,0.9471810150423507,0.49123844882728557,0.2360976590686297,0.1387886110051338,6.824630696875514,0.0035379444136134307,0.2576916385328342,1.94283105159343e-06
2,4,0.9500843506318234,0.5139373097031945,0.23589685427070511,0.1385379181730536,6.857937257618038,0.003526772938629847,0.2673905875769929,1.1688755074956703e-06
2,5,0.9601317314815903,0.5105542156052657,0.23767477147735963,0.13812961329932325,6.950947798579657,0.003469426861050996,0.2782781235117143,1.0441312592313068e-06
2,6,0.97555639775468,0.5024764641380854,0.23591344564746108,0.13527803974836075,7.211491233679718,0.0032568905599949993,0.28008605358831035,2.95313795639629e-07
2,7,0.9228605326804031,0.4775744960954517,0.22631841477457373,0.12970279537298432,7.115193855510572,0.0033653424400592455,0.2869351292282591,3.499634138037777e-07
2,8,0.9753330048362393,0.48551861091307424,0.2268959716999534,0.12635911654425247,7.7187387147856965,0.0030589489483887015,0.2885032451707489,7.000964585834879e-07
2,9,0.9521273260767004,0.4787303953793008,0.22637773644287087,0.1253431972104924,7.596162753673547,0.002978228746481564,0.32367100908672547,1.067474519889089e-06
2,10,0.9708645333546084,0.4908533672845086,0.2230308407641286,0.1184297499355621,8.19780953588822,0.0028069998396034884,0.30630717061942386,9.604737893909032e-07
2,11,0.9262422426383257,0.4779229500374112,0.22420461604067513,0.11878823818427095,7.7974238594353675,0.0028632080493772496,0.3317584989877193,1.7182899547663055e-07
2,12,0.9624113620226639,0.49364328808025393,0.223446270181892,0.11869536777447491,8.108247019810216,0.002696004505487393,0.32692008405899303,1.2123058112933904e-08
2,13,1.0027055967760312,0.5029142107220193,0.22330035687329175,0.11342454639333865,8.840287474448472,0.00238462074358457,0.30947416600253225,3.4920235147950507e-06
2,14,0.9979080752420237,0.4895976112520951,0.21948400559428402,0.11116875814283084,8.9765154519393,0.0023825000730664115,0.36896833513480426,2.7958103832048664e-06
2,15,1.0113787073030507,0.49367146057607947,0.2204112509729798,0.11048177672152,9.154258171031486,0.0022163995371871628,0.3444108215346323,3.2368743241306674e-07
2,16,0.9739644626872158,0.4838485571959488,0.22302385585881593,0.11107500256423061,8.768529733987696,0.0022499058237202296,0.3524280866254024,2.5219090371564334e-06
2,17,0.9710161307366428,0.4792900673270623,0.21559958540532656,0.10446831484803103,9.294838651788055,0.0021981251160531692,0.3595625634628798,6.805744412474724e-07
2,18,0.9657093711591276,0.47638374153664126,0.20728641824533017,0.09894272818619604,9.760286469378537,0.001958397160170556,0.3343518758217542,3.0156742769626987e-06
2,19,0.9521503780937555,0.4745356674301275,0.2069135416065541,0.0986862874185276,9.648254109060714,0.0019015969204381042,0.35879031209537554,7.583923933296433e-07
2,20,0.9223273881533584,0.4639030285705399,0.20483528968564316,0.09814272801393607,9.397816902158963,0.0018784016751716914,0.3797757748416805,3.7373572459031834e-06
2,21,0.9640476506865899,0.4738939045076321,0.19960547841256931,0.0944022034787723,10.212130810096715,0.0017477861140574168,0.39233256456351756,1.0101046887811549e-06
2,22,0.947723553222032,0.47101657495726734,0.2008225812125183,0.09494585278374386,9.98172669406258,0.0018164632293250322,0.4215909828231443,2.7512057187983885e-06
2,23,0.9841037677630047,0.4740068507329723,0.19679805120996258,0.0942976892725588,10.43613873632198,0.00172327388531246,0.41310431284430654,7.303816595971568e-06
2,24,0.9923346765897478,0.47526579096460625,0.19874747879871518,0.09422504677797872,10.531538168699173,0.0017399510764906656,0.4196634493210936,4.535560815810413e-07
2,25,0.9524110664527718,0.46581416014509985,0.2004051048672214,0.09842327681930255,9.67668520325049,0.0016563247685063567,0.38544823860103805,4.5728223763141784e-06
2,26,0.9332305184814066,0.45540395333840167,0.19134633328566156,0.09695888891336053,9.625012507262872,0.0017316892545818506,0.3367348841688859,1.8329236572967034e-06
2,27,0.9374804329015101,0.4590715943116422,0.20235320450388677,0.09893031042289682,9.476169931076411,0.0016819810905615228,0.3334323877695551,2.044427338532273e-06
2,28,0.9403613314245346,0.462347914581598,0.20253037327884962,0.09899518469028386,9.499061336837213,0.001630122314753554,0.36134057224295735,7.655161615716111e-07
2,29,0.9940102285039816,0.4765962943941976,0.20209828229188528,0.09534002709682185,10.425948667861421,0.0016583493942315623,0.37279765755621624,3.286619199016627e-06
2,30,0.9999736171938046,0.4819837750103468,0.2022532952454334,0.09108271859883935,10.97874144049261,0.0017361435905119875,0.4266887644651492,2.595961157147997e-06
2,31,0.9554519084730405,0.466983364801865,0.20809587695198634,0.09560825910582085,9.993403471718171,0.0018469864644052735,0.45256013498311626,9.988676108463324e-07
2,32,0.9495377676424664,0.47077508376726607,0.2081863480373065,0.0931231507312671,10.19658119582555,0.0019371072259827958,0.45041698797302765,2.2746687089458817e-06
2,33,0.9276057607530547,0.45539869839444497,0.20040476892665823,0.09487172444455383,9.777473385077744,0.0018048902735311656,0.4362590922056188,7.662578349609817e-06
2,34,0.9725653737981341,0.4718947723628448,0.1945740009084968,0.09346466776840305,10.40570086022306,0.0017088298519820193,0.4011188002279301,2.4962568012654174e-06
2,35,0.9653212200844549,0.47455850387597415,0.19944747765474252,0.09416662356935315,10.25120348903135,0.001761402905696581,0.4162643583649665,6.254850259956868e-06
2,36,0.9645332821654,0.47804957729659264,0.20641113257581925,0.09115209393490291,10.58158118511496,0.0017458388865687045,0.4474205974104352,1.4171803730533838e-07
2,37,0.965021164042962,0.48052363948222265,0.2133166598603108,0.09190889676793426,10.499757890464032,0.0018435533969854616,0.4503029936018512,2.500368356805893e-07
2,38,0.9424293015346452,0.4729761162626973,0.20930473061188196,0.09301542661767073,10.13196773701198,0.0017801636776562258,0.4867305000153005,6.655000994726379e-07
2,39,0.9773523870673642,0.47965315484956683,0.20798889655047095,0.08895504032754005,10.987037760521149,0.0018856408035363035,0.4771341822749751,3.630018130529322e-06
2,40,0.9703898235110936,0.4758685883190503,0.20012213913437651,0.08776969158836002,11.056092438631586,0.0018539260944047478,0.5081454244673844,1.179898712067029e-06
2,41,0.9407978485921475,0.4652280290351322,0.2076578349850109,0.09218261814967513,10.205805253487076,0.0017596602715555544,0.532641617171717,6.335351576680637e-07
2,42,0.9480301865895832,0.46582592491407393,0.19931347105473102,0.0917932896447887,10.327881158395819,0.0018159935479902206,0.5477093390620196,8.160310649429903e-07
2,43,0.9442482454673844,0.46481621481058905,0.19737507672111904,0.09071819100859045,10.40858768202256,0.0017450736574033978,0.530254861723729,4.0498990827586567e-07
2,44,0.9490007149207359,0.46758353109047707,0.20424167829677978,0.0885493532168124,10.717195331705192,0.0018177737756067947,0.5030677611999036,4.207043047266268e-07
2,45,0.9378228301843152,0.4598032306734892,0.19883461321770274,0.09064040404161426,10.3466311751407,0.0019137983676560798,0.5266855607645147,2.320490644081019e-06
2,46,0.9684975433683232,0.4679197400837676,0.19350473825372205,0.09028282804506427,10.727372683594957,0.0017898356178049537,0.48152198749054276,1.3356580064183277e-06
2,47,0.9822879428186527,0.4816957396107584,0.2024968256254981,0.08995522597116952,10.91974293003804,0.0018003986623713714,0.5253606502464807,1.372174818214944e-06
2,48,0.9780083268376509,0.48594338356242966,0.20645737006765633,0.08882352531214444,11.010690280539139,0.0018483514178341792,0.44638248461432717,1.07247267733257e-06
2,49,0.9724664584875952,0.4837712558940696,0.19938210693228892,0.08845426192511598,10.994003424174975,0.0017541307804524572,0.4257013572287914,7.70301922248251e-06
